address,country_code,country_name,total_events,counters
202.69.171.52,PH,Philippines,5,ssh/user-enumeration:5
23.94.186.31,US,United States,5,ssh/user-enumeration:5
45.155.205.108,DE,Germany,4,http/CVE-2017-9841:2|http/ThinkPHP RCE:1|http/XDebug:1
34.232.64.76,US,United States,3,http/not_a_browser:3
45.173.228.97,EC,Ecuador,2,ssh/user-enumeration:2
221.181.129.95,CN,China,2,ssh/user-enumeration:2
186.4.235.4,EC,Ecuador,1,ssh/user-enumeration:1
103.44.242.22,CN,China,1,ssh/user-enumeration:1
206.72.204.221,US,United States,1,ssh/user-enumeration:1
49.247.21.169,KR,South Korea,1,ssh/user-enumeration:1
209.141.41.134,US,United States,1,http/php_files_scan:1
128.199.171.106,SG,Singapore,1,ssh/user-enumeration:1
185.228.15.12,SY,Syria,1,http/php_files_scan:1
109.104.151.10,AL,Albania,1,ssh/user-enumeration:1
51.222.14.78,CA,Canada,1,ssh/user-enumeration:1
171.244.51.114,VN,Vietnam,1,ssh/user-enumeration:1
129.211.28.16,CN,China,1,ssh/user-enumeration:1
182.162.104.239,KR,South Korea,1,ssh/user-enumeration:1
68.183.82.97,IN,India,1,ssh/user-enumeration:1
175.6.146.207,CN,China,1,ssh/user-enumeration:1
134.175.130.52,CN,China,1,ssh/user-enumeration:1
157.230.116.65,DE,Germany,1,ssh/user-enumeration:1
45.155.205.87,DE,Germany,1,ssh/user-enumeration:1
101.32.45.219,HK,Hong Kong,1,ssh/user-enumeration:1
46.101.164.5,DE,Germany,1,ssh/user-enumeration:1
47.241.15.209,CN,China,1,ssh/user-enumeration:1
174.138.47.227,US,United States,1,ssh/user-enumeration:1
111.230.157.123,CN,China,1,ssh/user-enumeration:1
65.49.20.69,US,United States,1,ssh/user-enumeration:1
46.101.156.49,DE,Germany,1,ssh/user-enumeration:1
193.194.92.198,DZ,Algeria,1,ssh/user-enumeration:1
103.147.4.35,ID,Indonesia,1,ssh/user-enumeration:1
43.250.248.190,AU,Australia,1,http/not_a_browser:1
114.67.171.58,CN,China,1,ssh/user-enumeration:1
218.108.39.210,CN,China,1,ssh/user-enumeration:1
182.208.98.210,KR,South Korea,1,ssh/user-enumeration:1
88.73.176.204,DE,Germany,1,ssh/user-enumeration:1
139.59.87.254,IN,India,1,ssh/user-enumeration:1
79.175.165.28,IR,Iran,1,ssh/user-enumeration:1
152.136.227.172,CN,China,1,ssh/user-enumeration:1
159.65.146.232,IN,India,1,ssh/user-enumeration:1
5.19.140.86,RU,Russia,1,ssh/user-enumeration:1
138.68.139.104,GB,United Kingdom,1,ssh/user-enumeration:1
155.94.154.69,US,United States,1,ssh/user-enumeration:1
149.202.56.228,FR,France,1,ssh/user-enumeration:1
106.55.171.77,CN,China,1,ssh/user-enumeration:1
58.250.176.94,CN,China,1,ssh/user-enumeration:1
106.13.1.239,CN,China,1,ssh/user-enumeration:1
125.215.207.40,HK,Hong Kong,1,ssh/user-enumeration:1
5.196.75.140,FR,France,1,ssh/user-enumeration:1
190.210.182.179,AR,Argentina,1,ssh/user-enumeration:1
107.182.25.146,US,United States,1,ssh/user-enumeration:1
43.254.156.213,CN,China,1,ssh/user-enumeration:1
103.85.85.136,CN,China,1,ssh/user-enumeration:1
162.241.236.188,US,United States,1,ssh/user-enumeration:1
82.165.19.103,DE,Germany,1,http/php_files_scan:1
159.89.107.47,DE,Germany,1,ssh/user-enumeration:1
128.199.1.140,US,United States,1,ssh/user-enumeration:1
107.23.8.251,US,United States,1,ssh/user-enumeration:1
134.122.103.82,GB,United Kingdom,1,ssh/user-enumeration:1
120.92.10.24,CN,China,1,ssh/user-enumeration:1
106.13.4.86,CN,China,1,ssh/user-enumeration:1
174.138.16.47,SG,Singapore,1,ssh/user-enumeration:1
128.199.223.233,SG,Singapore,1,ssh/user-enumeration:1
103.254.198.67,US,United States,1,ssh/user-enumeration:1
106.54.96.129,CN,China,1,ssh/user-enumeration:1
145.239.88.43,FR,France,1,ssh/user-enumeration:1
162.211.225.98,US,United States,1,ssh/user-enumeration:1
186.109.88.187,AR,Argentina,1,ssh/user-enumeration:1
190.153.249.99,CL,Chile,1,ssh/user-enumeration:1
113.208.119.154,CN,China,1,ssh/user-enumeration:1
188.166.150.17,GB,United Kingdom,1,ssh/user-enumeration:1
185.228.139.232,DE,Germany,1,ssh/user-enumeration:1
